x,y,theta,vl,vr,left_pwm,right_pwm
0.00,0.00,0.00,0.00,0.00,10,10
0.00,0.00,0.00,0.00,0.00,10,10
0.00,0.00,0.00,0.00,0.00,10,10
0.00,0.00,0.00,0.00,0.00,10,10
0.00,0.00,0.00,0.00,0.00,10,10
0.00,0.00,0.00,0.00,0.00,10,10
0.00,0.00,0.00,0.00,0.00,10,10
0.00,0.00,0.00,0.00,0.00,10,10
0.00,0.00,0.00,0.00,0.00,10,10
0.00,0.00,0.00,0.00,0.00,10,10
0.00,0.00,0.00,0.00,0.00,10,10
0.00,0.00,0.00,0.00,0.00,10,10
0.00,0.00,0.00,0.00,0.00,10,10
0.00,0.00,0.00,0.00,0.00,10,10
0.00,0.00,0.00,0.00,0.00,10,10
0.00,0.00,0.00,0.00,0.00,10,10
0.00,0.00,0.00,0.00,0.00,10,10
0.00,0.00,0.00,0.00,0.00,10,10
0.00,0.00,0.00,0.00,0.00,10,10
0.00,0.00,0.00,0.00,0.00,10,10
0.00,0.00,0.00,0.00,0.00,10,10
0.00,0.00,0.00,0.00,0.00,10,10
0.00,0.00,0.00,0.00,0.00,10,10
0.00,0.00,0.00,0.00,0.00,10,10
0.00,0.00,0.00,0.00,0.00,10,10
0.00,0.00,0.00,0.00,0.00,10,10
0.00,0.00,0.00,0.00,0.00,10,10
0.00,0.00,0.00,0.00,0.00,10,10
0.00,0.00,0.00,0.00,0.00,10,10
0.00,0.00,0.00,0.00,0.00,10,10
0.00,0.00,0.00,0.00,0.00,10,10
0.00,0.00,0.00,0.00,0.00,10,10
0.00,0.00,0.00,0.00,0.00,10,10
0.00,0.00,0.00,0.00,0.00,10,10
0.00,0.00,0.00,0.00,0.00,10,10
0.00,0.00,0.00,0.00,0.00,10,10
0.00,0.00,0.00,0.00,0.00,10,10
0.00,0.00,0.00,0.00,0.00,10,10
0.00,0.00,0.00,0.00,0.00,10,10
0.00,0.00,0.00,0.00,0.00,10,10
0.00,0.00,0.00,0.00,0.00,10,10
0.00,0.00,0.00,0.00,0.00,10,10
0.00,0.00,0.00,0.00,0.00,10,10
0.00,0.00,0.00,0.00,0.00,10,10
0.00,0.00,0.00,0.00,0.00,10,10
0.00,0.00,0.00,0.00,0.00,10,10
0.00,0.00,0.00,0.00,0.00,10,10
0.00,0.00,0.00,0.00,0.00,10,10
0.00,0.00,0.00,0.00,0.00,10,10
0.00,0.00,0.00,0.00,0.00,10,10
0.00,0.00,0.00,0.00,0.00,10,10
0.00,0.00,0.00,0.00,0.00,10,10
0.00,0.00,0.00,0.00,0.00,10,10
0.00,0.00,0.00,0.00,0.00,10,10
0.00,0.00,0.00,0.00,0.00,10,10
0.00,0.00,0.00,0.00,0.00,10,10
0.00,0.00,0.00,0.00,0.00,10,10
0.02,0.00,-0.02,0.07,0.03,10,10
0.05,-0.00,-0.02,0.15,0.13,10,10
0.07,-0.00,-0.02,0.18,0.16,10,10
0.10,-0.00,-0.04,0.23,0.18,10,10
0.14,-0.00,-0.04,0.26,0.23,10,10
0.16,-0.00,-0.04,0.25,0.23,10,10
0.19,-0.01,-0.07,0.28,0.23,10,10
0.22,-0.01,-0.07,0.30,0.26,10,10
0.25,-0.01,-0.09,0.31,0.25,10,10
0.28,-0.01,-0.09,0.29,0.25,10,10
0.31,-0.02,-0.09,0.31,0.28,10,10
0.34,-0.02,-0.11,0.32,0.26,10,10
0.36,-0.02,-0.11,0.29,0.25,10,10
0.40,-0.02,-0.11,0.31,0.28,10,10
0.43,-0.03,-0.13,0.32,0.27,10,10
0.45,-0.03,-0.15,0.33,0.26,10,10
0.48,-0.04,-0.13,0.30,0.28,10,10
0.51,-0.04,-0.15,0.31,0.27,10,10
0.54,-0.04,-0.18,0.32,0.26,10,10
0.57,-0.05,-0.15,0.29,0.28,10,10
0.60,-0.05,-0.18,0.31,0.27,10,10
0.62,-0.06,-0.20,0.32,0.26,10,10
0.65,-0.06,-0.18,0.29,0.28,10,10
0.68,-0.07,-0.20,0.31,0.27,10,10
0.71,-0.07,-0.22,0.32,0.26,10,10
0.74,-0.08,-0.20,0.29,0.28,10,10
0.77,-0.09,-0.22,0.31,0.27,10,10
0.79,-0.09,-0.24,0.32,0.26,10,10
0.83,-0.10,-0.24,0.33,0.28,10,10
0.85,-0.11,-0.24,0.30,0.27,10,10
0.88,-0.11,-0.27,0.31,0.26,10,10
0.91,-0.12,-0.27,0.32,0.28,10,10
0.93,-0.13,-0.27,0.29,0.27,10,10
0.96,-0.14,-0.29,0.31,0.26,10,10
0.99,-0.15,-0.29,0.32,0.28,10,10
1.02,-0.15,-0.29,0.29,0.27,10,10
1.04,-0.16,-0.31,0.31,0.26,10,10
1.08,-0.17,-0.31,0.32,0.28,10,10
1.10,-0.18,-0.31,0.29,0.27,10,10
1.13,-0.19,-0.33,0.31,0.26,10,10
1.16,-0.20,-0.33,0.32,0.28,10,10
1.19,-0.21,-0.35,0.33,0.27,10,10
1.21,-0.22,-0.35,0.30,0.26,10,10
1.24,-0.23,-0.35,0.31,0.28,10,10
1.27,-0.24,-0.38,0.32,0.27,10,10
1.29,-0.25,-0.38,0.29,0.26,10,10
1.32,-0.26,-0.38,0.31,0.28,10,10
1.35,-0.27,-0.40,0.32,0.27,10,10
1.37,-0.28,-0.42,0.33,0.26,10,10
1.40,-0.29,-0.40,0.30,0.28,15,15
1.43,-0.30,-0.42,0.31,0.27,15,15
1.45,-0.32,-0.44,0.32,0.26,15,15
1.48,-0.33,-0.42,0.29,0.28,15,15
1.51,-0.34,-0.44,0.31,0.27,15,15
1.53,-0.35,-0.46,0.32,0.26,15,15
1.56,-0.36,-0.44,0.29,0.28,15,15
1.58,-0.38,-0.46,0.31,0.27,15,15
1.61,-0.39,-0.49,0.32,0.26,15,15
1.63,-0.40,-0.46,0.29,0.28,15,15
1.66,-0.42,-0.49,0.31,0.27,15,15
1.69,-0.43,-0.51,0.32,0.26,15,15
1.72,-0.45,-0.51,0.33,0.28,15,15
1.74,-0.46,-0.51,0.30,0.27,15,15
1.76,-0.47,-0.53,0.31,0.26,15,15
1.79,-0.49,-0.53,0.32,0.28,15,15
1.81,-0.50,-0.53,0.29,0.27,15,15
1.84,-0.52,-0.55,0.31,0.26,15,15
1.86,-0.53,-0.55,0.32,0.28,15,15
1.88,-0.55,-0.55,0.29,0.27,15,15
1.91,-0.56,-0.57,0.31,0.26,15,15
1.94,-0.58,-0.57,0.32,0.28,15,15
1.96,-0.59,-0.57,0.29,0.27,15,15
1.98,-0.61,-0.60,0.31,0.26,15,15
2.01,-0.63,-0.60,0.32,0.28,15,15
2.03,-0.64,-0.62,0.33,0.27,15,15
2.05,-0.66,-0.62,0.30,0.26,15,15
2.08,-0.68,-0.62,0.31,0.28,15,15
2.10,-0.69,-0.64,0.32,0.27,15,15
2.12,-0.71,-0.64,0.29,0.26,15,15
2.15,-0.73,-0.64,0.31,0.28,15,15
2.17,-0.75,-0.66,0.32,0.27,15,15
2.21,-0.78,-0.69,0.40,0.33,15,15
2.25,-0.81,-0.69,0.42,0.37,15,15
2.28,-0.83,-0.71,0.43,0.36,15,15
2.32,-0.86,-0.71,0.44,0.39,15,15
2.36,-0.90,-0.73,0.48,0.41,15,15
2.39,-0.92,-0.75,0.47,0.39,15,15
2.42,-0.95,-0.75,0.47,0.41,15,15
2.45,-0.98,-0.77,0.47,0.39,15,15
2.49,-1.02,-0.80,0.50,0.41,15,15
2.52,-1.05,-0.80,0.49,0.43,15,15
2.55,-1.08,-0.82,0.48,0.40,15,15
2.58,-1.11,-0.82,0.47,0.42,15,15
2.61,-1.15,-0.86,0.50,0.40,15,15
2.64,-1.18,-0.86,0.49,0.42,15,15
2.67,-1.22,-0.86,0.48,0.43,15,15
2.70,-1.25,-0.88,0.48,0.40,15,15
2.73,-1.29,-0.91,0.51,0.42,15,15
2.76,-1.32,-0.91,0.49,0.43,15,15
2.78,-1.36,-0.93,0.48,0.41,15,15
2.81,-1.40,-0.95,0.51,0.42,15,15
2.84,-1.43,-0.97,0.50,0.40,15,15
2.86,-1.47,-0.97,0.49,0.42,15,15
2.88,-1.50,-0.99,0.48,0.40,15,15
2.91,-1.54,-0.99,0.47,0.42,15,15
2.94,-1.58,-1.02,0.50,0.43,15,15
2.96,-1.62,-1.04,0.49,0.40,15,15
2.98,-1.66,-1.04,0.48,0.42,15,15
3.01,-1.70,-1.04,0.48,0.43,15,15
3.03,-1.74,-1.08,0.51,0.41,15,15
3.05,-1.78,-1.08,0.49,0.42,15,15
3.07,-1.81,-1.11,0.48,0.40,15,15
3.09,-1.86,-1.13,0.51,0.42,15,15
3.11,-1.90,-1.13,0.50,0.43,15,15
3.13,-1.94,-1.15,0.49,0.41,15,15
3.15,-1.98,-1.15,0.48,0.42,15,15
3.17,-2.02,-1.19,0.51,0.40,15,15
3.18,-2.06,-1.19,0.49,0.42,15,15
3.20,-2.11,-1.19,0.48,0.43,15,15
3.22,-2.14,-1.22,0.48,0.41,15,15
3.23,-2.19,-1.24,0.51,0.42,15,15
3.25,-2.23,-1.26,0.49,0.40,15,15
3.26,-2.28,-1.26,0.48,0.42,15,15
3.28,-2.32,-1.26,0.48,0.43,15,15
3.29,-2.36,-1.30,0.51,0.40,15,15
3.30,-2.41,-1.30,0.49,0.42,15,15
3.31,-2.45,-1.30,0.48,0.43,15,15
3.32,-2.49,-1.33,0.48,0.41,15,15
3.34,-2.54,-1.35,0.51,0.42,15,15
3.35,-2.58,-1.37,0.49,0.40,15,15
3.36,-2.63,-1.37,0.48,0.42,20,20
3.36,-2.67,-1.37,0.48,0.43,20,20
3.37,-2.72,-1.42,0.51,0.41,20,20
3.38,-2.76,-1.42,0.49,0.42,20,20
3.39,-2.80,-1.44,0.48,0.40,20,20
3.39,-2.85,-1.44,0.48,0.42,20,20
3.40,-2.90,-1.46,0.51,0.43,20,20
3.40,-2.94,-1.48,0.49,0.41,20,20
3.41,-2.98,-1.48,0.48,0.42,20,20
3.41,-3.02,-1.50,0.48,0.40,20,20
3.42,-3.08,-1.53,0.51,0.42,20,20
3.42,-3.12,-1.53,0.49,0.43,20,20
3.42,-3.16,-1.55,0.48,0.40,20,20
3.42,-3.21,-1.55,0.48,0.42,20,20
3.42,-3.25,-1.59,0.51,0.40,20,20
3.42,-3.30,-1.59,0.49,0.42,20,20
3.42,-3.35,-1.59,0.48,0.43,20,20
3.42,-3.39,-1.61,0.48,0.40,20,20
3.42,-3.44,-1.64,0.51,0.42,20,20
3.41,-3.48,-1.64,0.49,0.43,20,20
3.41,-3.52,-1.66,0.48,0.41,20,20
3.41,-3.57,-1.66,0.48,0.42,20,20
3.40,-3.62,-1.70,0.51,0.40,20,20
3.40,-3.66,-1.70,0.49,0.42,20,20
3.39,-3.71,-1.70,0.48,0.43,20,20
3.38,-3.75,-1.75,0.51,0.41,20,20
3.38,-3.80,-1.75,0.50,0.42,20,20
3.37,-3.84,-1.77,0.49,0.40,20,20
3.36,-3.88,-1.77,0.48,0.42,20,20
3.35,-3.93,-1.77,0.47,0.43,20,20
3.34,-3.97,-1.81,0.50,0.41,20,20
3.33,-4.02,-1.81,0.49,0.42,20,20
3.32,-4.08,-1.84,0.55,0.47,20,20
3.30,-4.14,-1.88,0.56,0.47,20,20
3.28,-4.19,-1.88,0.60,0.50,20,20
3.26,-4.25,-1.90,0.63,0.52,20,20
3.25,-4.31,-1.95,0.65,0.50,20,20
3.22,-4.36,-1.97,0.66,0.53,20,20
3.20,-4.42,-1.99,0.67,0.54,20,20
3.17,-4.48,-2.01,0.68,0.55,20,20
3.15,-4.54,-2.03,0.68,0.56,20,20
3.12,-4.59,-2.08,0.68,0.53,20,20
3.09,-4.64,-2.08,0.65,0.54,20,20
3.06,-4.70,-2.10,0.66,0.55,20,20
3.03,-4.75,-2.12,0.67,0.56,20,20
3.00,-4.80,-2.17,0.68,0.53,20,20
2.96,-4.85,-2.19,0.68,0.54,20,20
2.93,-4.90,-2.21,0.68,0.55,20,20
2.89,-4.95,-2.23,0.69,0.56,20,20
2.85,-5.00,-2.28,0.69,0.53,20,20
2.81,-5.05,-2.30,0.69,0.54,20,20
2.77,-5.09,-2.30,0.65,0.55,20,20
2.73,-5.14,-2.32,0.67,0.56,20,20
2.69,-5.18,-2.37,0.67,0.53,20,20
2.65,-5.22,-2.39,0.68,0.54,20,20
2.60,-5.27,-2.41,0.68,0.55,20,20
2.55,-5.31,-2.43,0.69,0.56,20,20
2.51,-5.35,-2.48,0.69,0.53,20,20
2.46,-5.39,-2.50,0.69,0.54,20,20
2.41,-5.42,-2.52,0.69,0.55,20,20
2.36,-5.46,-2.52,0.66,0.56,20,20
2.31,-5.50,-2.54,0.67,0.57,20,20
2.26,-5.53,-2.59,0.67,0.53,20,20
2.21,-5.56,-2.61,0.68,0.55,20,20
2.15,-5.59,-2.63,0.68,0.56,20,20
2.10,-5.62,-2.65,0.69,0.56,20,20
2.05,-5.65,-2.70,0.69,0.53,20,20
1.99,-5.68,-2.72,0.69,0.54,20,20
1.93,-5.70,-2.74,0.65,0.55,20,20
1.88,-5.73,-2.74,0.67,0.56,20,20
1.83,-5.75,-2.79,0.67,0.53,20,20
1.77,-5.77,-2.81,0.68,0.54,20,20
1.71,-5.79,-2.83,0.68,0.55,20,20
1.65,-5.81,-2.85,0.68,0.56,20,20
1.59,-5.83,-2.90,0.69,0.53,20,20
1.53,-5.84,-2.92,0.69,0.54,20,20
1.47,-5.86,-2.94,0.69,0.55,20,20
1.41,-5.87,-2.96,0.69,0.56,20,20
1.35,-5.88,-2.96,0.66,0.57,20,20
1.29,-5.89,-3.01,0.67,0.53,20,20
1.23,-5.90,-3.03,0.67,0.55,20,20
1.17,-5.91,-3.05,0.68,0.56,25,25
1.11,-5.91,-3.10,0.68,0.53,25,25
1.05,-5.91,-3.12,0.69,0.54,25,25
0.98,-5.92,-3.14,0.69,0.55,25,25
0.92,-5.92,3.12,0.69,0.56,25,25
0.86,-5.91,3.10,0.69,0.56,25,25
0.80,-5.91,3.06,0.69,0.53,25,25
0.74,-5.91,3.06,0.66,0.55,25,25
0.68,-5.90,3.03,0.67,0.55,25,25
0.62,-5.89,3.01,0.67,0.56,25,25
0.56,-5.89,2.97,0.68,0.53,25,25
0.50,-5.88,2.94,0.68,0.54,25,25
0.44,-5.86,2.92,0.69,0.55,25,25
0.37,-5.85,2.90,0.69,0.56,25,25
0.32,-5.84,2.86,0.69,0.53,25,25
0.26,-5.82,2.83,0.69,0.54,25,25
0.20,-5.80,2.83,0.66,0.55,25,25
0.14,-5.78,2.81,0.67,0.56,25,25
0.08,-5.76,2.79,0.67,0.57,25,25
0.03,-5.74,2.75,0.68,0.53,25,25
-0.03,-5.72,2.72,0.68,0.55,25,25
-0.09,-5.69,2.70,0.69,0.56,25,25
-0.14,-5.67,2.66,0.69,0.53,25,25
-0.20,-5.64,2.64,0.69,0.54,25,25
-0.25,-5.61,2.61,0.69,0.55,25,25
-0.30,-5.58,2.61,0.66,0.56,25,25
-0.36,-5.55,2.59,0.67,0.56,25,25
-0.41,-5.52,2.55,0.67,0.53,25,25
-0.46,-5.48,2.52,0.68,0.55,25,25
-0.51,-5.44,2.50,0.68,0.55,25,25
-0.56,-5.41,2.48,0.69,0.56,25,25
-0.61,-5.37,2.44,0.69,0.53,25,25
-0.65,-5.33,2.41,0.69,0.54,25,25
-0.70,-5.29,2.39,0.69,0.55,25,25
-0.74,-5.25,2.39,0.66,0.56,25,25
-0.79,-5.21,2.35,0.67,0.53,25,25
-0.83,-5.16,2.33,0.67,0.54,25,25
-0.87,-5.12,2.30,0.68,0.55,25,25
-0.92,-5.07,2.28,0.68,0.56,25,25
-0.95,-5.03,2.24,0.69,0.53,25,25
-0.99,-4.98,2.21,0.69,0.54,25,25
-1.03,-4.93,2.19,0.69,0.55,25,25
-1.07,-4.87,2.17,0.69,0.56,25,25
-1.10,-4.82,2.15,0.69,0.57,25,25
-1.13,-4.78,2.13,0.66,0.53,25,25
-1.17,-4.72,2.10,0.67,0.55,25,25
-1.20,-4.67,2.08,0.67,0.56,25,25
-1.23,-4.62,2.06,0.68,0.56,25,25
-1.26,-4.56,2.02,0.68,0.53,25,25
-1.28,-4.51,1.99,0.69,0.54,25,25
-1.31,-4.45,1.97,0.69,0.55,25,25
-1.33,-4.39,1.95,0.69,0.56,25,25
-1.36,-4.33,1.93,0.69,0.57,25,25
-1.39,-4.26,1.88,0.76,0.60,25,25
-1.41,-4.19,1.84,0.77,0.59,25,25
-1.43,-4.11,1.79,0.82,0.62,25,25
-1.45,-4.03,1.75,0.85,0.64,25,25
-1.46,-3.97,1.71,0.84,0.62,25,25
-1.47,-3.89,1.66,0.86,0.64,25,25
-1.48,-3.81,1.64,0.85,0.66,25,25
-1.48,-3.74,1.57,0.87,0.63,25,25
-1.48,-3.66,1.55,0.85,0.65,25,25
-1.48,-3.58,1.51,0.87,0.66,25,25
-1.48,-3.51,1.49,0.85,0.67,25,25
-1.47,-3.43,1.42,0.87,0.64,25,25
-1.46,-3.36,1.40,0.85,0.66,25,25
-1.44,-3.28,1.33,0.87,0.63,25,25
-1.43,-3.21,1.31,0.85,0.65,25,25
-1.41,-3.13,1.26,0.87,0.66,25,25
-1.38,-3.06,1.24,0.85,0.67,25,25
-1.36,-2.99,1.18,0.87,0.64,25,25
-1.33,-2.92,1.15,0.85,0.66,25,25
-1.30,-2.85,1.11,0.87,0.67,25,25
-1.27,-2.79,1.07,0.85,0.64,25,25
-1.23,-2.72,1.02,0.87,0.66,25,25
-1.19,-2.65,0.98,0.89,0.67,25,25
-1.15,-2.59,0.93,0.86,0.64,25,25
-1.10,-2.53,0.89,0.88,0.65,25,25
-1.05,-2.47,0.87,0.86,0.67,25,25
-1.00,-2.41,0.82,0.88,0.67,25,25
-0.95,-2.36,0.78,0.86,0.64,25,25
-0.90,-2.30,0.73,0.88,0.66,25,25
-0.84,-2.25,0.69,0.85,0.63,25,25
-0.78,-2.20,0.65,0.87,0.65,25,25
-0.72,-2.16,0.62,0.85,0.66,25,25
-0.66,-2.11,0.58,0.87,0.67,25,25
-0.60,-2.07,0.53,0.85,0.64,25,25
-0.53,-2.03,0.49,0.87,0.66,25,25
-0.46,-2.00,0.47,0.85,0.67,25,25
-0.40,-1.96,0.40,0.87,0.64,25,25
-0.33,-1.93,0.38,0.85,0.66,25,25
-0.25,-1.90,0.34,0.87,0.67,25,25
-0.18,-1.88,0.27,0.89,0.64,25,25
-0.11,-1.86,0.25,0.86,0.65,25,25
-0.03,-1.84,0.20,0.88,0.67,25,25
0.04,-1.82,0.16,0.86,0.64,25,25
0.12,-1.81,0.11,0.88,0.65,25,25
0.19,-1.80,0.09,0.86,0.67,25,25
0.26,-1.80,0.03,0.88,0.64,25,25
0.34,-1.79,0.00,0.85,0.65,25,25
0.42,-1.79,-0.04,0.87,0.67,25,25
0.50,-1.80,-0.06,0.85,0.67,25,25
0.57,-1.80,-0.13,0.87,0.64,30,30
0.64,-1.81,-0.15,0.85,0.66,30,30
0.72,-1.82,-0.19,0.87,0.67,30,30
0.79,-1.84,-0.24,0.85,0.64,30,30
0.87,-1.86,-0.28,0.87,0.66,30,30
0.94,-1.88,-0.31,0.85,0.67,30,30
1.01,-1.90,-0.37,0.87,0.64,30,30
1.08,-1.93,-0.39,0.85,0.65,30,30
1.16,-1.96,-0.44,0.87,0.67,30,30
1.22,-1.99,-0.48,0.85,0.64,30,30
1.29,-2.02,-0.53,0.87,0.65,30,30
1.36,-2.06,-0.55,0.85,0.67,30,30
1.42,-2.10,-0.62,0.87,0.64,30,30
1.48,-2.14,-0.64,0.85,0.65,30,30
1.55,-2.19,-0.68,0.87,0.67,30,30
1.60,-2.24,-0.70,0.85,0.67,30,30
1.66,-2.29,-0.77,0.87,0.64,30,30
1.72,-2.34,-0.81,0.89,0.66,30,30
1.77,-2.40,-0.84,0.86,0.67,30,30
1.82,-2.45,-0.90,0.88,0.64,30,30
1.87,-2.51,-0.92,0.86,0.66,30,30
1.92,-2.58,-0.97,0.88,0.67,30,30
1.95,-2.63,-1.01,0.86,0.64,30,30
2.00,-2.70,-1.06,0.88,0.65,30,30
2.03,-2.77,-1.08,0.85,0.67,30,30
2.07,-2.83,-1.15,0.87,0.64,30,30
2.10,-2.90,-1.17,0.85,0.65,30,30
2.13,-2.98,-1.21,0.87,0.67,30,30
2.17,-3.07,-1.28,0.96,0.71,30,30
2.19,-3.16,-1.34,1.02,0.74,30,30
2.22,-3.25,-1.39,1.02,0.76,30,30
2.23,-3.34,-1.48,1.06,0.74,30,30
2.24,-3.43,-1.52,1.05,0.76,30,30
2.25,-3.53,-1.59,1.08,0.77,30,30
2.24,-3.63,-1.65,1.10,0.78,30,30
2.24,-3.72,-1.70,1.08,0.79,30,30
2.22,-3.81,-1.79,1.10,0.76,30,30
2.20,-3.90,-1.83,1.08,0.77,30,30
2.18,-4.00,-1.90,1.10,0.78,30,30
2.15,-4.09,-1.96,1.12,0.79,30,30
2.11,-4.17,-2.03,1.09,0.76,30,30
2.07,-4.26,-2.10,1.11,0.77,30,30
2.03,-4.34,-2.14,1.09,0.78,30,30
1.97,-4.42,-2.21,1.11,0.79,30,30
1.91,-4.50,-2.27,1.12,0.80,30,30
1.86,-4.56,-2.34,1.10,0.76,30,30
1.79,-4.63,-2.41,1.11,0.78,30,30
1.72,-4.70,-2.47,1.12,0.79,30,30
1.65,-4.76,-2.52,1.10,0.79,30,30
1.57,-4.81,-2.58,1.11,0.80,30,30
1.49,-4.86,-2.65,1.09,0.76,30,30
1.41,-4.91,-2.72,1.11,0.78,30,30
1.32,-4.95,-2.78,1.12,0.79,30,30
1.23,-4.98,-2.83,1.10,0.79,30,30
1.14,-5.01,-2.91,1.11,0.76,30,30
1.05,-5.03,-2.96,1.09,0.78,30,30
0.96,-5.05,-3.03,1.11,0.78,30,30
0.86,-5.06,-3.09,1.12,0.79,30,30
0.77,-5.06,-3.14,1.10,0.80,30,30
0.68,-5.06,3.06,1.11,0.76,30,30
0.58,-5.05,2.99,1.12,0.78,30,30
0.49,-5.04,2.95,1.10,0.79,30,30
0.39,-5.02,2.88,1.11,0.79,30,30
0.30,-5.00,2.84,1.09,0.80,30,30
0.21,-4.97,2.75,1.11,0.76,30,30
0.12,-4.93,2.68,1.12,0.78,30,30
0.04,-4.89,2.64,1.10,0.79,30,30
-0.04,-4.85,2.57,1.11,0.79,30,30
-0.12,-4.80,2.48,1.12,0.76,30,30
-0.20,-4.74,2.44,1.10,0.78,30,30
-0.27,-4.68,2.37,1.11,0.78,30,30
-0.34,-4.61,2.31,1.13,0.79,30,30
-0.40,-4.54,2.26,1.10,0.80,30,30
-0.46,-4.47,2.17,1.11,0.76,30,30
-0.52,-4.39,2.11,1.13,0.78,30,30
-0.56,-4.31,2.06,1.10,0.79,30,30
-0.61,-4.22,2.00,1.12,0.79,30,30
-0.65,-4.14,1.95,1.09,0.80,35,35
-0.68,-4.05,1.87,1.11,0.76,35,35
-0.71,-3.96,1.80,1.12,0.78,35,35
-0.73,-3.87,1.75,1.10,0.79,35,35
-0.75,-3.77,1.69,1.11,0.79,35,35
-0.76,-3.68,1.62,1.12,0.80,35,35
-0.77,-3.59,1.56,1.10,0.76,35,35
-0.76,-3.49,1.49,1.11,0.78,35,35
-0.76,-3.40,1.42,1.13,0.79,35,35
-0.74,-3.30,1.38,1.10,0.79,35,35
-0.73,-3.21,1.29,1.11,0.76,35,35
-0.70,-3.12,1.22,1.13,0.78,35,35
-0.67,-3.03,1.20,1.10,0.82,35,35
-0.63,-2.94,1.14,1.12,0.82,35,35
-0.59,-2.85,1.07,1.13,0.81,35,35
-0.55,-2.77,1.00,1.10,0.78,35,35
-0.49,-2.69,0.94,1.12,0.79,35,35
-0.44,-2.61,0.87,1.13,0.79,35,35
-0.38,-2.54,0.83,1.10,0.80,35,35
-0.31,-2.47,0.76,1.12,0.80,35,35
-0.24,-2.40,0.67,1.13,0.77,35,35
-0.17,-2.35,0.63,1.10,0.78,35,35
-0.09,-2.29,0.56,1.12,0.79,35,35
-0.02,-2.24,0.49,1.09,0.76,35,35
0.07,-2.20,0.43,1.11,0.77,35,35
0.16,-2.16,0.36,1.12,0.78,35,35
0.24,-2.12,0.32,1.10,0.79,35,35
0.34,-2.09,0.25,1.11,0.79,35,35
0.43,-2.07,0.18,1.12,0.80,35,35
0.52,-2.05,0.12,1.10,0.77,35,35
0.61,-2.04,0.05,1.11,0.78,35,35
0.71,-2.04,-0.01,1.13,0.79,35,35
0.80,-2.04,-0.06,1.10,0.79,35,35
0.90,-2.04,-0.12,1.11,0.80,35,35
0.99,-2.06,-0.21,1.13,0.77,35,35
1.08,-2.07,-0.26,1.10,0.78,35,35
1.18,-2.10,-0.32,1.12,0.79,35,35
1.27,-2.13,-0.39,1.13,0.79,35,35
1.35,-2.16,-0.46,1.10,0.76,35,35
1.44,-2.21,-0.52,1.12,0.78,35,35
1.53,-2.26,-0.59,1.16,0.82,35,35
1.62,-2.32,-0.66,1.19,0.85,35,35
1.71,-2.39,-0.77,1.25,0.84,35,35
1.79,-2.46,-0.83,1.25,0.86,35,35
1.86,-2.55,-0.90,1.26,0.88,35,35
1.93,-2.63,-0.96,1.26,0.89,35,35
1.99,-2.72,-1.03,1.26,0.90,35,35
2.05,-2.82,-1.12,1.30,0.91,35,35
2.10,-2.91,-1.21,1.29,0.88,35,35
2.14,-3.02,-1.25,1.28,0.92,35,35
2.17,-3.12,-1.32,1.28,0.92,35,35
2.20,-3.23,-1.38,1.27,0.92,35,35
2.22,-3.34,-1.47,1.31,0.92,35,35
2.23,-3.45,-1.56,1.30,0.89,35,35
2.23,-3.56,-1.63,1.29,0.90,35,35
2.23,-3.67,-1.69,1.28,0.90,35,35
2.21,-3.77,-1.76,1.28,0.91,35,35
2.19,-3.88,-1.83,1.27,0.91,35,35
2.16,-3.99,-1.94,1.31,0.88,35,35
2.12,-4.09,-2.00,1.29,0.89,35,35
2.08,-4.19,-2.07,1.29,0.90,35,35
2.03,-4.29,-2.14,1.28,0.91,35,35
1.97,-4.38,-2.20,1.28,0.91,35,35
1.90,-4.47,-2.29,1.31,0.91,35,35
1.83,-4.55,-2.38,1.30,0.88,35,35
1.75,-4.62,-2.45,1.29,0.89,35,35
1.67,-4.69,-2.51,1.28,0.90,35,35
1.58,-4.76,-2.58,1.28,0.91,35,35
1.49,-4.82,-2.65,1.27,0.91,35,35
1.39,-4.87,-2.76,1.31,0.88,35,35
1.29,-4.91,-2.82,1.29,0.89,35,35
1.19,-4.94,-2.89,1.29,0.90,35,35
1.08,-4.97,-2.95,1.28,0.91,35,35
0.97,-4.99,-3.02,1.28,0.91,35,35
0.87,-5.00,-3.11,1.27,0.88,35,35
0.75,-5.01,3.09,1.31,0.89,35,35
0.64,-5.00,3.02,1.29,0.90,35,35
0.54,-4.99,2.95,1.29,0.91,35,35
0.43,-4.97,2.89,1.28,0.91,35,35
0.33,-4.94,2.80,1.28,0.88,35,35
0.22,-4.90,2.71,1.31,0.89,35,35
0.12,-4.86,2.64,1.30,0.90,35,35
0.02,-4.81,2.58,1.29,0.91,35,35
-0.07,-4.75,2.51,1.28,0.91,35,35
-0.15,-4.69,2.42,1.28,0.88,35,35
-0.23,-4.61,2.36,1.27,0.89,35,35
-0.32,-4.53,2.27,1.31,0.90,35,35
-0.39,-4.45,2.20,1.29,0.91,35,35
-0.45,-4.36,2.13,1.29,0.91,35,35
-0.51,-4.27,2.05,1.28,0.88,40,40
-0.56,-4.17,1.98,1.28,0.89,40,40
-0.60,-4.07,1.91,1.27,0.90,40,40
-0.64,-3.97,1.83,1.31,0.91,40,40
-0.67,-3.86,1.76,1.29,0.91,40,40
-0.69,-3.75,1.69,1.29,0.91,40,40
-0.70,-3.65,1.60,1.28,0.88,40,40
-0.70,-3.54,1.54,1.28,0.89,40,40
-0.70,-3.42,1.45,1.31,0.90,40,40
-0.69,-3.32,1.38,1.30,0.91,40,40
-0.66,-3.21,1.32,1.29,0.91,40,40
-0.64,-3.11,1.23,1.28,0.88,40,40
-0.60,-3.01,1.16,1.28,0.89,40,40
-0.56,-2.91,1.10,1.27,0.90,40,40
-0.51,-2.80,1.01,1.31,0.91,40,40
-0.45,-2.71,0.94,1.29,0.91,40,40
-0.39,-2.63,0.85,1.29,0.88,40,40
-0.31,-2.54,0.79,1.28,0.89,40,40
-0.24,-2.47,0.72,1.28,0.90,40,40
-0.15,-2.39,0.63,1.31,0.91,40,40
-0.06,-2.33,0.56,1.30,0.91,40,40
0.03,-2.27,0.50,1.29,0.91,40,40
0.12,-2.22,0.41,1.28,0.88,40,40
0.22,-2.17,0.34,1.28,0.89,40,40
0.32,-2.14,0.28,1.27,0.90,40,40
0.43,-2.11,0.21,1.27,0.91,40,40
0.54,-2.08,0.12,1.31,0.91,40,40
0.65,-2.07,0.03,1.29,0.88,40,40
0.76,-2.07,-0.03,1.29,0.89,40,40
0.86,-2.07,-0.10,1.28,0.90,40,40
0.97,-2.08,-0.16,1.28,0.91,40,40
1.09,-2.10,-0.25,1.31,0.91,40,40
1.19,-2.13,-0.32,1.30,0.91,40,40
1.29,-2.16,-0.41,1.29,0.88,40,40
1.39,-2.20,-0.47,1.28,0.89,40,40
1.49,-2.25,-0.54,1.28,0.90,40,40
1.58,-2.31,-0.61,1.27,0.91,40,40
1.68,-2.38,-0.70,1.31,0.91,40,40
1.76,-2.44,-0.78,1.29,0.88,40,40
1.83,-2.52,-0.85,1.29,0.89,40,40
1.92,-2.61,-0.94,1.35,0.94,40,40
1.99,-2.72,-1.03,1.39,0.97,40,40
2.06,-2.82,-1.14,1.43,0.95,40,40
2.11,-2.94,-1.23,1.45,0.98,40,40
2.15,-3.05,-1.31,1.46,1.00,40,40
2.18,-3.18,-1.40,1.47,1.01,40,40
2.20,-3.30,-1.47,1.45,1.02,40,40
2.22,-3.42,-1.56,1.46,1.02,40,40
2.22,-3.54,-1.67,1.47,0.99,40,40
2.21,-3.67,-1.76,1.48,1.01,40,40
2.18,-3.79,-1.85,1.49,1.01,40,40
2.15,-3.91,-1.96,1.49,0.99,40,40
2.10,-4.03,-2.04,1.49,1.00,40,40
2.04,-4.14,-2.13,1.49,1.01,40,40
1.98,-4.24,-2.22,1.46,0.99,40,40
1.91,-4.34,-2.31,1.47,1.00,40,40
1.82,-4.43,-2.40,1.48,1.01,40,40
1.73,-4.51,-2.51,1.48,0.98,40,40
1.63,-4.59,-2.60,1.49,1.00,40,40
1.52,-4.66,-2.69,1.49,1.01,40,40
1.41,-4.71,-2.80,1.49,0.98,40,40
1.29,-4.75,-2.88,1.49,1.00,40,40
1.18,-4.78,-2.95,1.46,1.01,40,40
1.06,-4.81,-3.06,1.47,0.98,40,40
0.93,-4.82,3.13,1.48,1.00,40,40
0.81,-4.81,3.05,1.48,1.01,40,40
0.68,-4.80,2.93,1.49,0.98,40,40
0.56,-4.78,2.85,1.49,1.00,40,40
0.43,-4.74,2.78,1.49,1.05,40,40
0.32,-4.70,2.67,1.49,1.01,40,40
0.21,-4.64,2.60,1.46,1.02,40,40
0.10,-4.58,2.51,1.47,1.02,40,40
0.01,-4.50,2.40,1.48,0.99,40,40
-0.09,-4.42,2.32,1.48,1.01,40,40
-0.17,-4.33,2.23,1.49,1.02,40,40
-0.25,-4.23,2.12,1.49,0.99,40,40
-0.31,-4.12,2.03,1.49,1.00,40,40
-0.37,-4.01,1.94,1.49,1.01,40,40
-0.41,-3.90,1.85,1.46,0.99,40,40
-0.45,-3.78,1.76,1.47,1.00,40,40
-0.47,-3.65,1.67,1.48,1.01,40,40
-0.48,-3.53,1.56,1.48,0.98,40,40
-0.48,-3.41,1.48,1.49,1.00,40,40
-0.47,-3.28,1.39,1.49,1.01,40,40
-0.45,-3.16,1.28,1.49,0.98,40,40
-0.41,-3.04,1.19,1.49,1.00,40,40
-0.36,-2.92,1.10,1.50,1.01,40,40
-0.31,-2.82,1.01,1.46,0.98,40,40
-0.24,-2.71,0.92,1.47,1.00,40,40
